{
    "/chapter08/08-4-service-circuit.md": {
        "url": "", 
        "path": "/chapter08/08-4-service-circuit.md", 
        "_title": "08-4-service-circuit", 
        "title": "08-4-service-circuit\n/chapter08/08-4-service-circuit.md"
    }, 
    "/introduction/00-1-table-content.md": {
        "url": "", 
        "path": "/introduction/00-1-table-content.md", 
        "_title": "00-1-table-content", 
        "title": "00-1-table-content\n/introduction/00-1-table-content.md"
    }, 
    "/horization/hz-index.md": {
        "url": "", 
        "path": "/horization/hz-index.md", 
        "_title": "hz-index", 
        "title": "hz-index\n/horization/hz-index.md"
    }, 
    "/chapter02/02-1-json.md": {
        "url": "", 
        "path": "/chapter02/02-1-json.md", 
        "_title": "2.1.JSON", 
        "title": "2.1.JSON\n/chapter02/02-1-json.md"
    }, 
    "/chapter03/03-4-handler.md": {
        "url": "", 
        "path": "/chapter03/03-4-handler.md", 
        "_title": "3.4.\u4e00\u5207\u90fd\u662fHandler", 
        "title": "3.4.\u4e00\u5207\u90fd\u662fHandler\n/chapter03/03-4-handler.md"
    }, 
    "/chapter03/Draft.md": {
        "url": "", 
        "path": "/chapter03/Draft.md", 
        "_title": "Draft", 
        "title": "Draft\n/chapter03/Draft.md"
    }, 
    "/chapter03/03-7-session.md": {
        "url": "", 
        "path": "/chapter03/03-7-session.md", 
        "_title": "03-7-session", 
        "title": "03-7-session\n/chapter03/03-7-session.md"
    }, 
    "/chapter07/07-3-cors.md": {
        "url": "", 
        "path": "/chapter07/07-3-cors.md", 
        "_title": "07-3-cors", 
        "title": "07-3-cors\n/chapter07/07-3-cors.md"
    }, 
    "/chapter04/04-8-routing.md": {
        "url": "", 
        "path": "/chapter04/04-8-routing.md", 
        "_title": "04-8-routing", 
        "title": "04-8-routing\n/chapter04/04-8-routing.md"
    }, 
    "/chapter06/06-3-java-helper.md": {
        "url": "", 
        "path": "/chapter06/06-3-java-helper.md", 
        "_title": "06-3-java-helper", 
        "title": "06-3-java-helper\n/chapter06/06-3-java-helper.md"
    }, 
    "/SUMMARY.md": {
        "url": "", 
        "path": "/SUMMARY.md", 
        "_title": "SUMMARY", 
        "title": "SUMMARY\n/SUMMARY.md"
    }, 
    "/chapter02/02-4-options.md": {
        "url": "", 
        "path": "/chapter02/02-4-options.md", 
        "_title": "2.4.Options", 
        "title": "2.4.Options\n/chapter02/02-4-options.md"
    }, 
    "/chapter02/02-5-store.md": {
        "url": "", 
        "path": "/chapter02/02-5-store.md", 
        "_title": "2.5.Store", 
        "title": "2.5.Store\n/chapter02/02-5-store.md"
    }, 
    "/chapter03/03-9-eventbus.md": {
        "url": "", 
        "path": "/chapter03/03-9-eventbus.md", 
        "_title": "03-9-eventbus", 
        "title": "03-9-eventbus\n/chapter03/03-9-eventbus.md"
    }, 
    "/chapter01/01-7-eventbus-primary.md": {
        "url": "", 
        "path": "/chapter01/01-7-eventbus-primary.md", 
        "_title": "1.7.Event Bus\u521d\u63a2", 
        "title": "1.7.Event Bus\u521d\u63a2\n/chapter01/01-7-eventbus-primary.md"
    }, 
    "/chapter07/07-2-custom-security.md": {
        "url": "", 
        "path": "/chapter07/07-2-custom-security.md", 
        "_title": "07-2-custom-security", 
        "title": "07-2-custom-security\n/chapter07/07-2-custom-security.md"
    }, 
    "/chapter10/10-1-vertx-development.md": {
        "url": "", 
        "path": "/chapter10/10-1-vertx-development.md", 
        "_title": "10-1-vertx-development", 
        "title": "10-1-vertx-development\n/chapter10/10-1-vertx-development.md"
    }, 
    "/chapter08/08-3-service-discovery.md": {
        "url": "", 
        "path": "/chapter08/08-3-service-discovery.md", 
        "_title": "08-3-service-discovery", 
        "title": "08-3-service-discovery\n/chapter08/08-3-service-discovery.md"
    }, 
    "/chapter01/01-6-context-environment.md": {
        "url": "", 
        "path": "/chapter01/01-6-context-environment.md", 
        "_title": "1.6.Context\u4e0a\u4e0b\u6587", 
        "title": "1.6.Context\u4e0a\u4e0b\u6587\n/chapter01/01-6-context-environment.md"
    }, 
    "/chapter02/02-3-buffer.md": {
        "url": "", 
        "path": "/chapter02/02-3-buffer.md", 
        "_title": "2.3.Buffer", 
        "title": "2.3.Buffer\n/chapter02/02-3-buffer.md"
    }, 
    "/chapter08/08-8-forwarding.md": {
        "url": "", 
        "path": "/chapter08/08-8-forwarding.md", 
        "_title": "08-8-forwarding", 
        "title": "08-8-forwarding\n/chapter08/08-8-forwarding.md"
    }, 
    "/chapter01/01-3-vertx-instance.md": {
        "url": "", 
        "path": "/chapter01/01-3-vertx-instance.md", 
        "_title": "1.3.Vertx\u5b9e\u4f8b", 
        "title": "1.3.Vertx\u5b9e\u4f8b\n/chapter01/01-3-vertx-instance.md"
    }, 
    "/chapter05/05-7-define-client.md": {
        "url": "", 
        "path": "/chapter05/05-7-define-client.md", 
        "_title": "05-7-define-client", 
        "title": "05-7-define-client\n/chapter05/05-7-define-client.md"
    }, 
    "/README.md": {
        "url": "", 
        "path": "/README.md", 
        "_title": "README", 
        "title": "README\n/README.md"
    }, 
    "/chapter05/05-index.md": {
        "url": "", 
        "path": "/chapter05/05-index.md", 
        "_title": "05-index", 
        "title": "05-index\n/chapter05/05-index.md"
    }, 
    "/reference/ref-1-book-content.md": {
        "url": "", 
        "path": "/reference/ref-1-book-content.md", 
        "_title": "ref-1-book-content", 
        "title": "ref-1-book-content\n/reference/ref-1-book-content.md"
    }, 
    "/chapter06/06-index.md": {
        "url": "", 
        "path": "/chapter06/06-index.md", 
        "_title": "06-index", 
        "title": "06-index\n/chapter06/06-index.md"
    }, 
    "/introduction/00-3-installation.md": {
        "url": "", 
        "path": "/introduction/00-3-installation.md", 
        "_title": "00-3-installation", 
        "title": "00-3-installation\n/introduction/00-3-installation.md"
    }, 
    "/chapter09/09-3-vertx-cluster.md": {
        "url": "", 
        "path": "/chapter09/09-3-vertx-cluster.md", 
        "_title": "09-3-vertx-cluster", 
        "title": "09-3-vertx-cluster\n/chapter09/09-3-vertx-cluster.md"
    }, 
    "/chapter02/02-index.md": {
        "url": "", 
        "path": "/chapter02/02-index.md", 
        "_title": "2.\u7cbe\u7075\u8c37", 
        "title": "2.\u7cbe\u7075\u8c37\n/chapter02/02-index.md"
    }, 
    "/chapter01/01-1-functional-programming.md": {
        "url": "", 
        "path": "/chapter01/01-1-functional-programming.md", 
        "_title": "1.1.\u4e00\u5207\u4eceFP\u5f00\u59cb", 
        "title": "1.1.\u4e00\u5207\u4eceFP\u5f00\u59cb\n/chapter01/01-1-functional-programming.md"
    }, 
    "/chapter04/04-5-handler-analyzing.md": {
        "url": "", 
        "path": "/chapter04/04-5-handler-analyzing.md", 
        "_title": "04-5-handler-analyzing", 
        "title": "04-5-handler-analyzing\n/chapter04/04-5-handler-analyzing.md"
    }, 
    "/chapter07/07-1-security-framework.md": {
        "url": "", 
        "path": "/chapter07/07-1-security-framework.md", 
        "_title": "07-1-security-framework", 
        "title": "07-1-security-framework\n/chapter07/07-1-security-framework.md"
    }, 
    "/introduction/00-index.md": {
        "url": "", 
        "path": "/introduction/00-index.md", 
        "_title": "00-index", 
        "title": "00-index\n/introduction/00-index.md"
    }, 
    "/chapter03/03-6-http-detail.md": {
        "url": "", 
        "path": "/chapter03/03-6-http-detail.md", 
        "_title": "03-6-http-detail", 
        "title": "03-6-http-detail\n/chapter03/03-6-http-detail.md"
    }, 
    "/chapter07/07-4-ssl.md": {
        "url": "", 
        "path": "/chapter07/07-4-ssl.md", 
        "_title": "07-4-ssl", 
        "title": "07-4-ssl\n/chapter07/07-4-ssl.md"
    }, 
    "/chapter05/05-10-excel.md": {
        "url": "", 
        "path": "/chapter05/05-10-excel.md", 
        "_title": "05-10-excel", 
        "title": "05-10-excel\n/chapter05/05-10-excel.md"
    }, 
    "/chapter06/06-4-command.md": {
        "url": "", 
        "path": "/chapter06/06-4-command.md", 
        "_title": "06-4-command", 
        "title": "06-4-command\n/chapter06/06-4-command.md"
    }, 
    "/reference/ref-2-horization.md": {
        "url": "", 
        "path": "/reference/ref-2-horization.md", 
        "_title": "ref-2-horization", 
        "title": "ref-2-horization\n/reference/ref-2-horization.md"
    }, 
    "/chapter07/07-5-http2.md": {
        "url": "", 
        "path": "/chapter07/07-5-http2.md", 
        "_title": "07-5-http2", 
        "title": "07-5-http2\n/chapter07/07-5-http2.md"
    }, 
    "/chapter05/05-3-mongodb.md": {
        "url": "", 
        "path": "/chapter05/05-3-mongodb.md", 
        "_title": "05-3-mongodb", 
        "title": "05-3-mongodb\n/chapter05/05-3-mongodb.md"
    }, 
    "/chapter10/10-2-code-design.md": {
        "url": "", 
        "path": "/chapter10/10-2-code-design.md", 
        "_title": "10-2-code-design", 
        "title": "10-2-code-design\n/chapter10/10-2-code-design.md"
    }, 
    "/chapter04/04-index.md": {
        "url": "", 
        "path": "/chapter04/04-index.md", 
        "_title": "04-index", 
        "title": "04-index\n/chapter04/04-index.md"
    }, 
    "/chapter09/09-4-exception-resolution.md": {
        "url": "", 
        "path": "/chapter09/09-4-exception-resolution.md", 
        "_title": "09-4-exception-resolution", 
        "title": "09-4-exception-resolution\n/chapter09/09-4-exception-resolution.md"
    }, 
    "/chapter10/10-index.md": {
        "url": "", 
        "path": "/chapter10/10-index.md", 
        "_title": "10-index", 
        "title": "10-index\n/chapter10/10-index.md"
    }, 
    "/chapter01/01-4-verticle-instance.md": {
        "url": "", 
        "path": "/chapter01/01-4-verticle-instance.md", 
        "_title": "1.4.Verticle\u5b9e\u4f8b", 
        "title": "1.4.Verticle\u5b9e\u4f8b\n/chapter01/01-4-verticle-instance.md"
    }, 
    "/chapter04/04-7-worker-silver-bullet.md": {
        "url": "", 
        "path": "/chapter04/04-7-worker-silver-bullet.md", 
        "_title": "04-7-worker-silver-bullet", 
        "title": "04-7-worker-silver-bullet\n/chapter04/04-7-worker-silver-bullet.md"
    }, 
    "/chapter03/03-5-uri-design.md": {
        "url": "", 
        "path": "/chapter03/03-5-uri-design.md", 
        "_title": "3.5.URI\u8bbe\u8ba1\u4e4b\u8def", 
        "title": "3.5.URI\u8bbe\u8ba1\u4e4b\u8def\n/chapter03/03-5-uri-design.md"
    }, 
    "/chapter02/02-6-record.md": {
        "url": "", 
        "path": "/chapter02/02-6-record.md", 
        "_title": "02-6-record", 
        "title": "02-6-record\n/chapter02/02-6-record.md"
    }, 
    "/chapter09/09-7-other-chapters.md": {
        "url": "", 
        "path": "/chapter09/09-7-other-chapters.md", 
        "_title": "09-7-other-chapters", 
        "title": "09-7-other-chapters\n/chapter09/09-7-other-chapters.md"
    }, 
    "/chapter05/05-9-es-client.md": {
        "url": "", 
        "path": "/chapter05/05-9-es-client.md", 
        "_title": "05-9-es-client", 
        "title": "05-9-es-client\n/chapter05/05-9-es-client.md"
    }, 
    "/chapter03/03-11-worker-task.md": {
        "url": "", 
        "path": "/chapter03/03-11-worker-task.md", 
        "_title": "03-11-worker-task", 
        "title": "03-11-worker-task\n/chapter03/03-11-worker-task.md"
    }, 
    "/chapter08/08-6-health-check.md": {
        "url": "", 
        "path": "/chapter08/08-6-health-check.md", 
        "_title": "08-6-health-check", 
        "title": "08-6-health-check\n/chapter08/08-6-health-check.md"
    }, 
    "/chapter05/05-5-email.md": {
        "url": "", 
        "path": "/chapter05/05-5-email.md", 
        "_title": "05-5-email", 
        "title": "05-5-email\n/chapter05/05-5-email.md"
    }, 
    "/chapter01/01-5-verticle-lifecycle.md": {
        "url": "", 
        "path": "/chapter01/01-5-verticle-lifecycle.md", 
        "_title": "1.5.Verticle\u751f\u547d\u5468\u671f", 
        "title": "1.5.Verticle\u751f\u547d\u5468\u671f\n/chapter01/01-5-verticle-lifecycle.md"
    }, 
    "/chapter05/05-8-extension-jooq.md": {
        "url": "", 
        "path": "/chapter05/05-8-extension-jooq.md", 
        "_title": "05-8-extension-jooq", 
        "title": "05-8-extension-jooq\n/chapter05/05-8-extension-jooq.md"
    }, 
    "/chapter03/03-10-define-codec.md": {
        "url": "", 
        "path": "/chapter03/03-10-define-codec.md", 
        "_title": "03-10-define-codec", 
        "title": "03-10-define-codec\n/chapter03/03-10-define-codec.md"
    }, 
    "/horization/hz-0004-http-server.md": {
        "url": "", 
        "path": "/horization/hz-0004-http-server.md", 
        "_title": "hz-0004-http-server", 
        "title": "hz-0004-http-server\n/horization/hz-0004-http-server.md"
    }, 
    "/chapter05/05-6-rabbit-mq.md": {
        "url": "", 
        "path": "/chapter05/05-6-rabbit-mq.md", 
        "_title": "05-6-rabbit-mq", 
        "title": "05-6-rabbit-mq\n/chapter05/05-6-rabbit-mq.md"
    }, 
    "/chapter03/03-2-http-server.md": {
        "url": "", 
        "path": "/chapter03/03-2-http-server.md", 
        "_title": "3.2.HttpServer\u521d\u8d66", 
        "title": "3.2.HttpServer\u521d\u8d66\n/chapter03/03-2-http-server.md"
    }, 
    "/chapter09/09-index.md": {
        "url": "", 
        "path": "/chapter09/09-index.md", 
        "_title": "09-index", 
        "title": "09-index\n/chapter09/09-index.md"
    }, 
    "/chapter03/03-1-restful.md": {
        "url": "", 
        "path": "/chapter03/03-1-restful.md", 
        "_title": "3.1.\u6b63\u786e\u6253\u5f00REST", 
        "title": "3.1.\u6b63\u786e\u6253\u5f00REST\n/chapter03/03-1-restful.md"
    }, 
    "/chapter05/05-4-redis.md": {
        "url": "", 
        "path": "/chapter05/05-4-redis.md", 
        "_title": "05-4-redis", 
        "title": "05-4-redis\n/chapter05/05-4-redis.md"
    }, 
    "/chapter10/10-3-zero-framework.md": {
        "url": "", 
        "path": "/chapter10/10-3-zero-framework.md", 
        "_title": "10-3-zero-framework", 
        "title": "10-3-zero-framework\n/chapter10/10-3-zero-framework.md"
    }, 
    "/chapter09/09-2-di-jsr330.md": {
        "url": "", 
        "path": "/chapter09/09-2-di-jsr330.md", 
        "_title": "09-2-di-jsr330", 
        "title": "09-2-di-jsr330\n/chapter09/09-2-di-jsr330.md"
    }, 
    "/chapter06/06-1-fluent.md": {
        "url": "", 
        "path": "/chapter06/06-1-fluent.md", 
        "_title": "06-1-fluent", 
        "title": "06-1-fluent\n/chapter06/06-1-fluent.md"
    }, 
    "/chapter08/08-2-grpc-communication.md": {
        "url": "", 
        "path": "/chapter08/08-2-grpc-communication.md", 
        "_title": "08-2-grpc-communication", 
        "title": "08-2-grpc-communication\n/chapter08/08-2-grpc-communication.md"
    }, 
    "/chapter02/02-7-async-programming.md": {
        "url": "", 
        "path": "/chapter02/02-7-async-programming.md", 
        "_title": "2.6.Async\u4e4b\u5f79", 
        "title": "2.6.Async\u4e4b\u5f79\n/chapter02/02-7-async-programming.md"
    }, 
    "/chapter04/04-4-startup-and-request.md": {
        "url": "", 
        "path": "/chapter04/04-4-startup-and-request.md", 
        "_title": "04-4-startup-and-request", 
        "title": "04-4-startup-and-request\n/chapter04/04-4-startup-and-request.md"
    }, 
    "/_book/WRITING.md": {
        "url": "", 
        "path": "/_book/WRITING.md", 
        "_title": "WRITING", 
        "title": "WRITING\n/_book/WRITING.md"
    }, 
    "/chapter01/01-2-vertx-fundation.md": {
        "url": "", 
        "path": "/chapter01/01-2-vertx-fundation.md", 
        "_title": "1.2.Vert.x\u57fa\u7840", 
        "title": "1.2.Vert.x\u57fa\u7840\n/chapter01/01-2-vertx-fundation.md"
    }, 
    "/chapter08/08-7-vert.x-services.md": {
        "url": "", 
        "path": "/chapter08/08-7-vert.x-services.md", 
        "_title": "08-7-vert.x-services", 
        "title": "08-7-vert.x-services\n/chapter08/08-7-vert.x-services.md"
    }, 
    "/chapter04/04-3-future-transmission.md": {
        "url": "", 
        "path": "/chapter04/04-3-future-transmission.md", 
        "_title": "04-3-future-transmission", 
        "title": "04-3-future-transmission\n/chapter04/04-3-future-transmission.md"
    }, 
    "/chapter03/03-8-authenticate-authorization.md": {
        "url": "", 
        "path": "/chapter03/03-8-authenticate-authorization.md", 
        "_title": "03-8-authenticate-authorization", 
        "title": "03-8-authenticate-authorization\n/chapter03/03-8-authenticate-authorization.md"
    }, 
    "/chapter07/07-index.md": {
        "url": "", 
        "path": "/chapter07/07-index.md", 
        "_title": "07-index", 
        "title": "07-index\n/chapter07/07-index.md"
    }, 
    "/chapter05/05-2-mysql.md": {
        "url": "", 
        "path": "/chapter05/05-2-mysql.md", 
        "_title": "05-2-mysql", 
        "title": "05-2-mysql\n/chapter05/05-2-mysql.md"
    }, 
    "/chapter08/08-index.md": {
        "url": "", 
        "path": "/chapter08/08-index.md", 
        "_title": "08-index", 
        "title": "08-index\n/chapter08/08-index.md"
    }, 
    "/chapter04/04-6-client-structure.md": {
        "url": "", 
        "path": "/chapter04/04-6-client-structure.md", 
        "_title": "04-6-client-structure", 
        "title": "04-6-client-structure\n/chapter04/04-6-client-structure.md"
    }, 
    "/chapter01/01-index.md": {
        "url": "", 
        "path": "/chapter01/01-index.md", 
        "_title": "1.\u950b\u8292\u4e4d\u73b0", 
        "title": "1.\u950b\u8292\u4e4d\u73b0\n/chapter01/01-index.md"
    }, 
    "/chapter02/02-2-vertx-json.md": {
        "url": "", 
        "path": "/chapter02/02-2-vertx-json.md", 
        "_title": "2.2.JsonObject\u548cJsonArray", 
        "title": "2.2.JsonObject\u548cJsonArray\n/chapter02/02-2-vertx-json.md"
    }, 
    "/chapter06/06-5-codegen.md": {
        "url": "", 
        "path": "/chapter06/06-5-codegen.md", 
        "_title": "06-5-codegen", 
        "title": "06-5-codegen\n/chapter06/06-5-codegen.md"
    }, 
    "/chapter04/04-9-routing-context.md": {
        "url": "", 
        "path": "/chapter04/04-9-routing-context.md", 
        "_title": "04-9-routing-context", 
        "title": "04-9-routing-context\n/chapter04/04-9-routing-context.md"
    }, 
    "/chapter08/08-5-api-gateway.md": {
        "url": "", 
        "path": "/chapter08/08-5-api-gateway.md", 
        "_title": "08-5-api-gateway", 
        "title": "08-5-api-gateway\n/chapter08/08-5-api-gateway.md"
    }, 
    "/chapter06/06-2-coroutine.md": {
        "url": "", 
        "path": "/chapter06/06-2-coroutine.md", 
        "_title": "06-2-coroutine", 
        "title": "06-2-coroutine\n/chapter06/06-2-coroutine.md"
    }, 
    "/chapter03/03-12-web-socket.md": {
        "url": "", 
        "path": "/chapter03/03-12-web-socket.md", 
        "_title": "03-12-web-socket", 
        "title": "03-12-web-socket\n/chapter03/03-12-web-socket.md"
    }, 
    "/chapter03/03-3-router-manager.md": {
        "url": "", 
        "path": "/chapter03/03-3-router-manager.md", 
        "_title": "3.3.Router\u8def\u7531\u7ba1\u7406\u5668", 
        "title": "3.3.Router\u8def\u7531\u7ba1\u7406\u5668\n/chapter03/03-3-router-manager.md"
    }, 
    "/chapter08/08-1-registry-center.md": {
        "url": "", 
        "path": "/chapter08/08-1-registry-center.md", 
        "_title": "08-1-registry-center", 
        "title": "08-1-registry-center\n/chapter08/08-1-registry-center.md"
    }, 
    "/chapter05/05-1-io.md": {
        "url": "", 
        "path": "/chapter05/05-1-io.md", 
        "_title": "05-1-io", 
        "title": "05-1-io\n/chapter05/05-1-io.md"
    }, 
    "/chapter09/09-5-debugging.md": {
        "url": "", 
        "path": "/chapter09/09-5-debugging.md", 
        "_title": "09-5-debugging", 
        "title": "09-5-debugging\n/chapter09/09-5-debugging.md"
    }, 
    "/horization/hz-0003-future.md": {
        "url": "", 
        "path": "/horization/hz-0003-future.md", 
        "_title": "hz-0003-future", 
        "title": "hz-0003-future\n/horization/hz-0003-future.md"
    }, 
    "/reference/ref-index.md": {
        "url": "", 
        "path": "/reference/ref-index.md", 
        "_title": "ref-index", 
        "title": "ref-index\n/reference/ref-index.md"
    }, 
    "/chapter10/10-4-arch.md": {
        "url": "", 
        "path": "/chapter10/10-4-arch.md", 
        "_title": "10-4-arch", 
        "title": "10-4-arch\n/chapter10/10-4-arch.md"
    }, 
    "/horization/hz-0002-acceptor-worker.md": {
        "url": "", 
        "path": "/horization/hz-0002-acceptor-worker.md", 
        "_title": "hz-0002-acceptor-worker", 
        "title": "hz-0002-acceptor-worker\n/horization/hz-0002-acceptor-worker.md"
    }, 
    "/chapter03/03-index.md": {
        "url": "", 
        "path": "/chapter03/03-index.md", 
        "_title": "3.\u670d\u52a1\u4e4b\u9065", 
        "title": "3.\u670d\u52a1\u4e4b\u9065\n/chapter03/03-index.md"
    }, 
    "/_book/chapter03/Draft.md": {
        "url": "", 
        "path": "/_book/chapter03/Draft.md", 
        "_title": "Draft", 
        "title": "Draft\n/_book/chapter03/Draft.md"
    }, 
    "/horization/hz-0001-vertx-verticle.md": {
        "url": "", 
        "path": "/horization/hz-0001-vertx-verticle.md", 
        "_title": "hz-0001-vertx-verticle", 
        "title": "hz-0001-vertx-verticle\n/horization/hz-0001-vertx-verticle.md"
    }, 
    "/chapter09/09-6-logging.md": {
        "url": "", 
        "path": "/chapter09/09-6-logging.md", 
        "_title": "09-6-logging", 
        "title": "09-6-logging\n/chapter09/09-6-logging.md"
    }, 
    "/_book/chapter09/09-7-other-chapters.md": {
        "url": "", 
        "path": "/_book/chapter09/09-7-other-chapters.md", 
        "_title": "09-7-other-chapters", 
        "title": "09-7-other-chapters\n/_book/chapter09/09-7-other-chapters.md"
    }, 
    "/chapter04/04-1-vertx-thread-model.md": {
        "url": "", 
        "path": "/chapter04/04-1-vertx-thread-model.md", 
        "_title": "04-1-vertx-thread-model", 
        "title": "04-1-vertx-thread-model\n/chapter04/04-1-vertx-thread-model.md"
    }, 
    "/chapter09/09-1-junit.md": {
        "url": "", 
        "path": "/chapter09/09-1-junit.md", 
        "_title": "09-1-junit", 
        "title": "09-1-junit\n/chapter09/09-1-junit.md"
    }, 
    "/_book/chapter02/02-6-record.md": {
        "url": "", 
        "path": "/_book/chapter02/02-6-record.md", 
        "_title": "02-6-record", 
        "title": "02-6-record\n/_book/chapter02/02-6-record.md"
    }, 
    "/WRITING.md": {
        "url": "", 
        "path": "/WRITING.md", 
        "_title": "WRITING", 
        "title": "WRITING\n/WRITING.md"
    }, 
    "/chapter04/04-2-block-hole.md": {
        "url": "", 
        "path": "/chapter04/04-2-block-hole.md", 
        "_title": "04-2-block-hole", 
        "title": "04-2-block-hole\n/chapter04/04-2-block-hole.md"
    }, 
    "/introduction/00-2-terminology.md": {
        "url": "", 
        "path": "/introduction/00-2-terminology.md", 
        "_title": "00-2-terminology", 
        "title": "00-2-terminology\n/introduction/00-2-terminology.md"
    }
}