{
    "created_time": "2022-05-26T04:34:54Z",
    "files": [
        {
            "attachment_folder": "",
            "created_time": "2022-05-26T04:35:50Z",
            "id": "5415",
            "modified_time": "2022-07-07T10:10:22Z",
            "name": "Chapter2-Verticles.md",
            "signature": "113818286883750",
            "tags": [
            ]
        },
        {
            "attachment_folder": "",
            "created_time": "2022-05-28T07:58:41Z",
            "id": "5416",
            "modified_time": "2022-07-07T12:12:29Z",
            "name": "Chapter3-EventBus.md",
            "signature": "177747383857",
            "tags": [
            ]
        },
        {
            "attachment_folder": "",
            "created_time": "2022-06-06T09:01:29Z",
            "id": "5417",
            "modified_time": "2022-06-06T12:14:08Z",
            "name": "Chapter4-AsynchronousData.md",
            "signature": "177748165225",
            "tags": [
            ]
        },
        {
            "attachment_folder": "",
            "created_time": "2022-06-10T10:38:07Z",
            "id": "5421",
            "modified_time": "2022-07-08T09:25:27Z",
            "name": "Chapter6-BeyondTheEventBus.md",
            "signature": "177748516623",
            "tags": [
            ]
        },
        {
            "attachment_folder": "",
            "created_time": "2022-07-06T07:06:02Z",
            "id": "5422",
            "modified_time": "2022-07-07T06:53:51Z",
            "name": "Chapter10-Persistent.md",
            "signature": "177750750298",
            "tags": [
            ]
        },
        {
            "attachment_folder": "",
            "created_time": "2022-07-07T01:51:51Z",
            "id": "5423",
            "modified_time": "2022-11-14T13:32:31Z",
            "name": "Chapter1-Fundamentals.md",
            "signature": "177750817847",
            "tags": [
            ]
        },
        {
            "attachment_folder": "",
            "created_time": "2022-07-08T09:27:47Z",
            "id": "5429",
            "modified_time": "2022-07-08T09:27:47Z",
            "name": "Chapter5-BeyondCallbacks.md",
            "signature": "82331885369491",
            "tags": [
            ]
        },
        {
            "attachment_folder": "",
            "created_time": "2022-07-13T02:26:43Z",
            "id": "5433",
            "modified_time": "2022-07-13T02:26:43Z",
            "name": "Chapter7-DesigningAReactiveApplication.md",
            "signature": "177751338339",
            "tags": [
            ]
        },
        {
            "attachment_folder": "",
            "created_time": "2022-08-09T03:01:47Z",
            "id": "5436",
            "modified_time": "2022-08-09T03:01:47Z",
            "name": "Chapter11-EndToEnd.md",
            "signature": "177753673243",
            "tags": [
            ]
        },
        {
            "attachment_folder": "",
            "created_time": "2022-08-20T12:53:38Z",
            "id": "5437",
            "modified_time": "2022-08-20T12:53:38Z",
            "name": "Chapter13-FinalNotes.md",
            "signature": "177754659154",
            "tags": [
            ]
        },
        {
            "attachment_folder": "",
            "created_time": "2022-09-14T08:20:32Z",
            "id": "5439",
            "modified_time": "2022-09-14T08:20:32Z",
            "name": "Chapter12-ChaosTesting.md",
            "signature": "79316824198864",
            "tags": [
            ]
        },
        {
            "attachment_folder": "",
            "created_time": "2022-11-20T01:55:51Z",
            "id": "5468",
            "modified_time": "2022-11-20T01:55:51Z",
            "name": "Chapter8-TheWebStack.md",
            "signature": "177762568487",
            "tags": [
            ]
        }
    ],
    "folders": [
    ],
    "id": "5412",
    "modified_time": "2022-05-26T04:34:54Z",
    "signature": "177747198830",
    "version": 3
}
